<?xml version="1.0" encoding="UTF-8"?>
<!DOCTYPE mapper PUBLIC "-//mybatis.org//DTD Mapper 3.0//EN" 
"http://mybatis.org/dtd/mybatis-3-mapper.dtd">

<mapper namespace="jdme.board.com.dao.JDMEBoardComDAO" >
	
<insert id="jdmeBoardComInsert" parameterType="jdmeboardcomvo"> 
		INSERT INTO JDME_BOARD_COM 
				   ( 
				   	 JBNUM
				    ,JMNUM
				    ,JBSUBJECT
				    ,JMID
				    ,JBCONTENT
				    ,JBPW
				    ,JBFILE
				    ,JBDYN
				    ,JBIDATE
				    ,JBUDATE
				    ) 
		VALUES
				   ( 
				     #{jbnum}
				    ,#{jmnum}
				    ,#{jbsubject}
				    ,#{jmid}
				    ,#{jbcontent}
				    ,#{jbpw}
				    ,#{jbfile}
				    ,'Y'
				    ,SYSDATE
				    ,SYSDATE
				    ) 

</insert>

<!-- 커뮤니티 전체 게시판 조회 -->
<select id="jdmeBoardComSelectAll" parameterType="jdmeboardcomvo" resultType="jdmeboardcomvo">

 	SELECT 	* FROM
		 (SELECT
			   A.JBNUM       JBNUM
			  ,A.JMNUM		 JMNUM
			  ,A.JBSUBJECT   JBSUBJECT
			  ,A.JMID		 JMID
		  	  ,A.JBCONTENT   JBCONTENT
			  ,A.JBFILE      JBFILE
			  ,A.JBDYN       JBDYN
			  ,TO_CHAR(A.JBIDATE,'YYYY-MM-DD') JBIDATE
			  ,TO_CHAR(A.JBUDATE,'YYYY-MM-DD') JBUDATE
		     <!--   ? : 페이지 사이즈 : pageSize   -->
		      ,CEIL(ROW_NUMBER() OVER(ORDER BY A.JBNUM)/ #{pageSize} ) pageSize 
		      ,COUNT(A.JBNUM) OVER() AS totalCount				   											
		
		 FROM JDME_BOARD_COM A 
		
		 WHERE A.JBDYN = 'Y'
		
		)
		 <!--   ? : 현재 페이지 : curPage  --> 
		 WHERE pageSize = #{curPage}

</select>	
	
<!-- 커뮤니티 조건 조회 게시판 -->
<select id="jdmeBoardComSelect" parameterType="jdmeboardcomvo" resultType="jdmeboardcomvo">

		SELECT 
			   A.JBNUM       JBNUM
			  ,A.JMNUM		 JMNUM
			  ,A.JBSUBJECT   JBSUBJECT
			  ,A.JMID		 JMID
		  	  ,A.JBCONTENT   JBCONTENT
			  ,A.JBFILE      JBFILE
			  ,A.JBDYN       JBDYN
			  ,TO_CHAR(A.JBIDATE,'YYYY-MM-DD') JBIDATE
			  ,TO_CHAR(A.JBUDATE,'YYYY-MM-DD') JBUDATE
			
		FROM JDME_BOARD_COM A
		WHERE A.JBDYN = 'Y'
		AND A.JBNUM = #{jbnum}

</select>	
		
	
	
<!-- 커뮤니 게시판 수정 할 때 비밀번호 체크하기 -->	
<select id="jdmeBoardComPwcheck" parameterType="jdmeboardcomvo" resultType="jdmeboardcomvo">

	SELECT
		    A.JBNUM   JBNUM
		   ,A.JBPW    JBPW
	
	FROM JDME_BOARD_COM A
	
	WHERE A.JBDYN = 'Y'
	AND A.JBNUM = #{jbnum}
	AND A.JBPW  = #{jbpw} 
			   	
 
</select>
	
			

<!-- 질문 게시판 수정하기 -->
<update id="jdmeBoardComUpdate" parameterType="jdmeboardcomvo">

		UPDATE JDME_BOARD_COM
		SET 
			  JBCONTENT  = #{jbcontent}
			 ,JBUDATE = SYSDATE
		
		WHERE JBDYN = 'Y'
		AND   JBNUM = #{jbnum}

</update>
	
	
	
	
	
	
</mapper>