<?xml version="1.0" encoding="UTF-8"?>
<!DOCTYPE mapper PUBLIC "-//mybatis.org//DTD Mapper 3.0//EN" 
"http://mybatis.org/dtd/mybatis-3-mapper.dtd">

<mapper namespace="jdme.board.qna.dao.JDMEBoardQnaDAO" >
	
<insert id="jdmeBoardQnaInsert" parameterType="jdmeboardqnavo"> 
		INSERT INTO JDME_BOARD_QNA 
				   ( 
				   	 JQNUM
				    ,JMNUM
				    ,JQSUBJECT
				    ,JMID
				    ,JQCONTENT
				    ,JQPW
				    ,JQFILE
				    ,JQDYN
				    ,JQIDATE
				    ,JQUDATE
				    ) 
		VALUES
				   ( 
				     #{jqnum}
				    ,#{jmnum}
				    ,#{jqsubject}
				    ,#{jmid}
				    ,#{jqcontent}
				    ,#{jqpw}
				    ,#{jqfile}
				    ,'Y'
				    ,SYSDATE
				    ,SYSDATE
				    ) 

</insert>

<!-- 커뮤니티 전체 게시판 조회 -->
<select id="jdmeBoardQnaSelectAll" parameterType="jdmeboardqnavo" resultType="jdmeboardqnavo">


	SELECT 	* FROM
		 (SELECT
			   A.JQNUM       JQNUM
			  ,A.JMNUM		 JMNUM
			  ,A.JQSUBJECT   JQSUBJECT
			  ,A.JMID		 JMID
		  	  ,A.JQCONTENT   JQCONTENT
			  ,A.JQFILE      JQFILE
			  ,A.JQDYN       JQDYN
			  ,TO_CHAR(A.JQIDATE,'YYYY-MM-DD') JQIDATE
			  ,TO_CHAR(A.JQUDATE,'YYYY-MM-DD') JQUDATE
		      <!--   ? : 페이지 사이즈 : pageSize   -->
		      ,CEIL(ROW_NUMBER() OVER(ORDER BY A.JQNUM)/ #{pageSize} ) pageSize 
		      ,COUNT(A.JQNUM) OVER() AS totalCount				   											
		
		FROM JDME_BOARD_QNA A
		
		
		 WHERE A.JQDYN = 'Y'
		
		)
		 <!--   ? : 현재 페이지 : curPage  --> 
		 WHERE pageSize = #{curPage}

</select>	
	
<!-- 커뮤니티 조건 조회 게시판 -->
<select id="jdmeBoardQnaSelect" parameterType="jdmeboardqnavo" resultType="jdmeboardqnavo">

		SELECT 
			   A.JQNUM       JQNUM
			  ,A.JMNUM		 JMNUM
			  ,A.JQSUBJECT   JQSUBJECT
			  ,A.JMID		 JMID
		  	  ,A.JQCONTENT   JQCONTENT
			  ,A.JQFILE      JQFILE
			  ,A.JQDYN       JQDYN
			  ,TO_CHAR(A.JQIDATE,'YYYY-MM-DD') JQIDATE
			  ,TO_CHAR(A.JQUDATE,'YYYY-MM-DD') JQUDATE
			
		FROM JDME_BOARD_QNA A
		WHERE A.JQDYN = 'Y'
		AND A.JQNUM = #{jqnum}
		
		

</select>	
	
<!-- 질문 게시판 수정 할 때 비밀번호 체크하기 -->	
<select id="jdmeBoardQnaPwcheck" parameterType="jdmeboardqnavo" resultType="jdmeboardqnavo">

	SELECT
		    A.JQNUM   JQNUM
		   ,A.JQPW    JQPW
	
	FROM JDME_BOARD_QNA A
	
	WHERE A.JQDYN = 'Y'
	AND A.JQNUM = #{jqnum}
	AND A.JQPW  = #{jqpw} 
			   	
 
</select>
	
			

<!-- 질문 게시판 수정하기 -->
<update id="jdmeBoardQnaUpdate" parameterType="jdmeboardqnavo">

		UPDATE JDME_BOARD_QNA
		SET   
			  JQCONTENT  = #{jqcontent}
			 ,JQUDATE = SYSDATE
		
		WHERE JQDYN = 'Y'
		AND JQNUM = #{jqnum}

</update>
	

	
	
	
	
</mapper>