<?xml version="1.0" encoding="UTF-8"?>
<beans xmlns="http://www.springframework.org/schema/beans"
		xmlns:xsi="http://www.w3.org/2001/XMLSchema-instance"
		xmlns:c="http://www.springframework.org/schema/c"
		xmlns:context="http://www.springframework.org/schema/context"
		xmlns:lang="http://www.springframework.org/schema/lang"
		xmlns:mvc="http://www.springframework.org/schema/mvc"
		xmlns:p="http://www.springframework.org/schema/p"
		xmlns:tx="http://www.springframework.org/schema/tx"
		xsi:schemaLocation="http://www.springframework.org/schema/beans http://www.springframework.org/schema/beans/spring-beans.xsd
			http://www.springframework.org/schema/context http://www.springframework.org/schema/context/spring-context.xsd
			http://www.springframework.org/schema/lang http://www.springframework.org/schema/lang/spring-lang.xsd
			http://www.springframework.org/schema/mvc http://www.springframework.org/schema/mvc/spring-mvc.xsd
			http://www.springframework.org/schema/tx http://www.springframework.org/schema/tx/spring-tx.xsd">

	
	<!-- DB Connection -->
	<bean id="dataSource" class="org.springframework.jndi.JndiObjectFactoryBean">
		<property name="jndiName" value="java:comp/env/jdbc/jndi_spring_orclSJS00"></property>
	</bean>
	<!-- 기존과 동일, mybatis환경설정파일과 쿼리문파일 위치 찾아주기  -->
	<bean id="sqlSessionFactory" class="org.mybatis.spring.SqlSessionFactoryBean">
		<property name="dataSource" ref="dataSource" />	 	
		<property name="configLocation" value="classpath:/mybatisconfig/mybatis-config.xml" />		
		<property name="mapperLocations" value="classpath:/mybatisquery/*.xml" />			
	</bean>
	
	<bean id="transactionManager"
		class="org.springframework.jdbc.datasource.DataSourceTransactionManager">
		<property name="dataSource" ref="dataSource" />
	</bean>
	
	
	<bean class="org.mybatis.spring.mapper.MapperScannerConfigurer">
		<property name="basePackage">
			<value>jdme.**.dao</value>
		</property>
	</bean>




</beans>
